subject_code,research_site_name,species_common_name,sex,age,housing_name,behavior_name,diet_name,measurement_name,measurement_value,measurement_date,measurement_user_date
Hd-Lg-13,Henry Doorly Zoo,Lar gibbon,Female,22.75,Mixed,Social,Chow,Body Weight,11.7,2022-04-17T12:00:00.000Z,2022-07-29T23:16:16.948Z
Hd-Lg-13,Henry Doorly Zoo,Lar gibbon,Female,22.75,Mixed,Social,Chow,Body Weight,11.25,2022-03-10T12:00:00.000Z,2022-07-29T23:16:17.003Z
Hd-Lg-7,Henry Doorly Zoo,Lar gibbon,Male,22,Mixed,Social,Chow,Body Weight,10.89,2008-05-05T12:00:00.000Z,2022-07-29T23:16:13.624Z
Hd-Lg-7,Henry Doorly Zoo,Lar gibbon,Male,23,Mixed,Social,Chow,Body Weight,10.89,2009-05-27T12:00:00.000Z,2022-07-29T23:16:13.522Z
Hd-Lg-13,Henry Doorly Zoo,Lar gibbon,Female,22.5,Mixed,Social,Chow,Body Weight,10.82,2022-02-06T12:00:00.000Z,2022-07-29T23:16:17.062Z
Hd-Lg-13,Henry Doorly Zoo,Lar gibbon,Female,22.25,Mixed,Social,Chow,Body Weight,10.58,2021-11-11T12:00:00.000Z,2022-07-29T23:16:17.171Z
Hd-Lg-13,Henry Doorly Zoo,Lar gibbon,Female,22,Mixed,Social,Chow,Body Weight,10.47,2021-07-24T12:00:00.000Z,2022-07-29T23:16:17.280Z
Hd-Lg-13,Henry Doorly Zoo,Lar gibbon,Female,21.75,Mixed,Social,Chow,Body Weight,10.46,2021-05-27T12:00:00.000Z,2022-07-29T23:16:17.351Z
Hd-Lg-13,Henry Doorly Zoo,Lar gibbon,Female,22.5,Mixed,Social,Chow,Body Weight,10.42,2021-12-16T12:00:00.000Z,2022-07-29T23:16:17.116Z
Hd-Lg-13,Henry Doorly Zoo,Lar gibbon,Female,22,Mixed,Social,Chow,Body Weight,10.4,2021-08-23T12:00:00.000Z,2022-07-29T23:16:17.224Z
Hd-Lg-7,Henry Doorly Zoo,Lar gibbon,Male,22.25,Mixed,Social,Chow,Body Weight,10.25,2008-10-06T12:00:00.000Z,2022-07-29T23:16:13.573Z
Hd-Lg-13,Henry Doorly Zoo,Lar gibbon,Female,21.75,Mixed,Social,Chow,Body Weight,10.09,2021-05-08T12:00:00.000Z,2022-07-29T23:16:17.442Z
Hd-Lg-7,Henry Doorly Zoo,Lar gibbon,Male,23.25,Mixed,Social,Chow,Body Weight,9.98,2009-09-29T12:00:00.000Z,2022-07-29T23:16:13.415Z
Hd-Lg-13,Henry Doorly Zoo,Lar gibbon,Female,21.75,Mixed,Social,Chow,Body Weight,9.96,2021-04-22T12:00:00.000Z,2022-07-29T23:16:17.538Z
Hd-Lg-13,Henry Doorly Zoo,Lar gibbon,Female,17.25,Mixed,Social,Chow,Body Weight,9.94,2016-10-09T12:00:00.000Z,2022-07-29T23:16:18.218Z
Hd-Lg-13,Henry Doorly Zoo,Lar gibbon,Female,15,Mixed,Social,Chow,Body Weight,9.94,2014-07-14T12:00:00.000Z,2022-07-29T23:16:18.386Z
Hv-Lg-2,Henry Vilas Zoo,Lar gibbon,Male,35.75,Mixed,Social,Chow,Body Weight,9.8,2022-12-05T12:00:00.000Z,2023-11-03T15:32:07.909Z
Hd-Lg-13,Henry Doorly Zoo,Lar gibbon,Female,17,Mixed,Social,Chow,Body Weight,9.8,2016-08-19T12:00:00.000Z,2022-07-29T23:16:18.273Z
Hd-Lg-13,Henry Doorly Zoo,Lar gibbon,Female,21.75,Mixed,Social,Chow,Body Weight,9.58,2021-03-11T12:00:00.000Z,2022-07-29T23:16:17.627Z
Hd-Lg-7,Henry Doorly Zoo,Lar gibbon,Male,23,Mixed,Social,Chow,Body Weight,9.52,2009-05-28T12:00:00.000Z,2022-07-29T23:16:13.468Z
Hd-Lg-13,Henry Doorly Zoo,Lar gibbon,Female,21.5,Mixed,Social,Chow,Body Weight,9.3,2021-02-04T12:00:00.000Z,2022-07-29T23:16:17.703Z
Hd-Lg-7,Henry Doorly Zoo,Lar gibbon,Male,24,Mixed,Social,Chow,Body Weight,9.072,2010-05-19T12:00:00.000Z,2022-07-29T23:16:13.287Z
Hd-Lg-7,Henry Doorly Zoo,Lar gibbon,Male,23.5,Mixed,Social,Chow,Body Weight,9.07,2009-10-28T12:00:00.000Z,2022-07-29T23:16:13.359Z
Hv-Lg-2,Henry Vilas Zoo,Lar gibbon,Male,36.25,Mixed,Social,Chow,Body Weight,9,2023-04-12T12:00:00.000Z,2023-11-03T15:32:07.845Z
Hd-Lg-13,Henry Doorly Zoo,Lar gibbon,Female,21.5,Mixed,Social,Chow,Body Weight,8.98,2021-01-01T12:00:00.000Z,2022-07-29T23:16:17.759Z
Hd-Lg-13,Henry Doorly Zoo,Lar gibbon,Female,14.75,Mixed,Social,Chow,Body Weight,8.92,2014-04-07T12:00:00.000Z,2022-07-29T23:16:18.443Z
Hd-Lg-7,Henry Doorly Zoo,Lar gibbon,Male,16.25,Mixed,Social,Chow,Body Weight,8.86,2002-10-03T12:00:00.000Z,2022-07-29T23:16:13.682Z
Hd-Lg-5,Henry Doorly Zoo,Lar gibbon,Female,20.25,Mixed,Social,Chow,Body Weight,8.62,1999-07-04T12:00:00.000Z,2022-07-29T23:16:09.258Z
Hd-Lg-7,Henry Doorly Zoo,Lar gibbon,Male,25.25,Mixed,Social,Chow,Body Weight,8.618,2011-10-15T12:00:00.000Z,2022-07-29T23:16:13.234Z
Hd-Lg-13,Henry Doorly Zoo,Lar gibbon,Female,19.5,Mixed,Social,Chow,Body Weight,8.54,2019-01-24T12:00:00.000Z,2022-07-29T23:16:18.109Z
Hd-Lg-12,Henry Doorly Zoo,Lar gibbon,Male,24.75,Mixed,Social,Chow,Body Weight,8.53,2018-12-05T12:00:00.000Z,2022-07-29T23:16:15.093Z
Hd-Lg-13,Henry Doorly Zoo,Lar gibbon,Female,21.5,Mixed,Social,Chow,Body Weight,8.45,2020-12-03T12:00:00.000Z,2022-07-29T23:16:17.824Z
Hd-Lg-13,Henry Doorly Zoo,Lar gibbon,Female,14.25,Mixed,Social,Chow,Body Weight,8.36,2013-10-03T12:00:00.000Z,2022-07-29T23:16:18.600Z
Hd-Lg-13,Henry Doorly Zoo,Lar gibbon,Female,18.75,Mixed,Social,Chow,Body Weight,8.36,2018-04-05T12:00:00.000Z,2022-07-29T23:16:18.161Z
Hd-Lg-12,Henry Doorly Zoo,Lar gibbon,Male,23.5,Mixed,Social,Chow,Body Weight,8.3,2017-09-13T12:00:00.000Z,2022-07-29T23:16:15.189Z
Hd-Lg-12,Henry Doorly Zoo,Lar gibbon,Male,26.5,Mixed,Social,Chow,Body Weight,8.3,2020-11-22T12:00:00.000Z,2022-07-29T23:16:14.994Z
Hd-Lg-13,Henry Doorly Zoo,Lar gibbon,Female,21.25,Mixed,Social,Chow,Body Weight,8.26,2020-11-06T12:00:00.000Z,2022-07-29T23:16:17.884Z
Hd-Lg-5,Henry Doorly Zoo,Lar gibbon,Female,20,Mixed,Social,Chow,Body Weight,8.16,1999-03-09T12:00:00.000Z,2022-07-29T23:16:09.314Z
Hd-Lg-13,Henry Doorly Zoo,Lar gibbon,Female,14.25,Mixed,Social,Chow,Body Weight,8.14,2013-11-19T12:00:00.000Z,2022-07-29T23:16:18.549Z
Hd-Lg-13,Henry Doorly Zoo,Lar gibbon,Female,14.5,Mixed,Social,Chow,Body Weight,8.14,2013-12-19T12:00:00.000Z,2022-07-29T23:16:18.496Z
Hd-Lg-13,Henry Doorly Zoo,Lar gibbon,Female,14,Mixed,Social,Chow,Body Weight,8.12,2013-07-01T12:00:00.000Z,2022-07-29T23:16:18.704Z
Hd-Lg-1,Henry Doorly Zoo,Lar gibbon,Male,14.25,Mixed,Social,Chow,Body Weight,8.1,2018-01-24T12:00:00.000Z,2022-07-29T23:16:01.632Z
Hd-Lg-1,Henry Doorly Zoo,Lar gibbon,Male,14.5,Mixed,Social,Chow,Body Weight,8.1,2018-04-18T12:00:00.000Z,2022-07-29T23:16:01.577Z
Hd-Lg-13,Henry Doorly Zoo,Lar gibbon,Female,5.5,Mixed,Social,Chow,Body Weight,8.1,2004-12-09T12:00:00.000Z,2022-07-29T23:16:19.298Z
Hd-Lg-13,Henry Doorly Zoo,Lar gibbon,Female,10.5,Mixed,Social,Chow,Body Weight,8.08,2010-01-26T12:00:00.000Z,2022-07-29T23:16:19.191Z
Hd-Lg-13,Henry Doorly Zoo,Lar gibbon,Female,14,Mixed,Social,Chow,Body Weight,8.06,2013-07-07T12:00:00.000Z,2022-07-29T23:16:18.652Z
Hd-Lg-1,Henry Doorly Zoo,Lar gibbon,Male,16,Mixed,Social,Chow,Body Weight,8,2019-12-18T12:00:00.000Z,2022-07-29T23:16:01.101Z
Hd-Lg-1,Henry Doorly Zoo,Lar gibbon,Male,15.75,Mixed,Social,Chow,Body Weight,8,2019-08-29T12:00:00.000Z,2022-07-29T23:16:01.260Z
Hd-Lg-1,Henry Doorly Zoo,Lar gibbon,Male,15.25,Mixed,Social,Chow,Body Weight,7.95,2019-02-09T12:00:00.000Z,2022-07-29T23:16:01.471Z
Hv-Lg-1,Henry Vilas Zoo,Lar gibbon,Female,10.75,Mixed,Social,Chow,Body Weight,7.95,1995-04-03T12:00:00.000Z,2023-11-03T15:32:07.661Z
Hd-Lg-1,Henry Doorly Zoo,Lar gibbon,Male,16.75,Mixed,Social,Chow,Body Weight,7.9,2020-09-30T12:00:00.000Z,2022-07-29T23:16:00.792Z
Hd-Lg-1,Henry Doorly Zoo,Lar gibbon,Male,16,Mixed,Social,Chow,Body Weight,7.9,2019-10-20T12:00:00.000Z,2022-07-29T23:16:01.153Z
Hd-Lg-1,Henry Doorly Zoo,Lar gibbon,Male,18.5,Mixed,Social,Chow,Body Weight,7.9,2022-06-06T12:00:00.000Z,2022-07-29T23:15:59.754Z
Hd-Lg-1,Henry Doorly Zoo,Lar gibbon,Male,14.25,Mixed,Social,Chow,Body Weight,7.87,2018-01-09T12:00:00.000Z,2022-07-29T23:16:01.685Z
Hd-Lg-1,Henry Doorly Zoo,Lar gibbon,Male,13.75,Mixed,Social,Chow,Body Weight,7.86,2017-07-08T12:00:00.000Z,2022-07-29T23:16:01.920Z
Hd-Lg-13,Henry Doorly Zoo,Lar gibbon,Female,12,Mixed,Social,Chow,Body Weight,7.86,2011-06-15T12:00:00.000Z,2022-07-29T23:16:19.015Z
Hd-Lg-1,Henry Doorly Zoo,Lar gibbon,Male,17.75,Mixed,Social,Chow,Body Weight,7.85,2021-08-05T12:00:00.000Z,2022-07-29T23:16:00.324Z
Hd-Lg-13,Henry Doorly Zoo,Lar gibbon,Female,20.75,Mixed,Social,Chow,Body Weight,7.82,2020-05-22T12:00:00.000Z,2022-07-29T23:16:18.055Z
Hd-Lg-5,Henry Doorly Zoo,Lar gibbon,Female,41.5,Mixed,Social,Chow,Body Weight,7.8,2020-11-04T12:00:00.000Z,2022-07-29T23:16:08.762Z
Hd-Lg-1,Henry Doorly Zoo,Lar gibbon,Male,17.5,Mixed,Social,Chow,Body Weight,7.8,2021-05-02T12:00:00.000Z,2022-07-29T23:16:00.580Z
Hd-Lg-5,Henry Doorly Zoo,Lar gibbon,Female,35.5,Mixed,Social,Chow,Body Weight,7.8,2014-11-10T12:00:00.000Z,2022-07-29T23:16:08.837Z
Hd-Lg-1,Henry Doorly Zoo,Lar gibbon,Male,15.75,Mixed,Social,Chow,Body Weight,7.77,2019-09-23T12:00:00.000Z,2022-07-29T23:16:01.207Z
Hd-Lg-13,Henry Doorly Zoo,Lar gibbon,Female,21,Mixed,Social,Chow,Body Weight,7.76,2020-07-10T12:00:00.000Z,2022-07-29T23:16:17.993Z
Hd-Lg-1,Henry Doorly Zoo,Lar gibbon,Male,17.75,Mixed,Social,Chow,Body Weight,7.72,2021-09-20T12:00:00.000Z,2022-07-29T23:16:00.216Z
Hd-Lg-1,Henry Doorly Zoo,Lar gibbon,Male,16.5,Mixed,Social,Chow,Body Weight,7.72,2020-04-24T12:00:00.000Z,2022-07-29T23:16:00.991Z
Hd-Lg-13,Henry Doorly Zoo,Lar gibbon,Female,16.5,Mixed,Social,Chow,Body Weight,7.72,2016-01-13T12:00:00.000Z,2022-07-29T23:16:18.332Z
Hv-Lg-1,Henry Vilas Zoo,Lar gibbon,Female,23.25,Mixed,Social,Chow,Body Weight,7.713,2007-08-01T12:00:00.000Z,2023-11-03T15:32:07.603Z
Hd-Lg-1,Henry Doorly Zoo,Lar gibbon,Male,13.5,Mixed,Social,Chow,Body Weight,7.71,2017-04-27T12:00:00.000Z,2022-07-29T23:16:01.971Z
Hd-Lg-1,Henry Doorly Zoo,Lar gibbon,Male,15.5,Mixed,Social,Chow,Body Weight,7.7,2019-05-25T12:00:00.000Z,2022-07-29T23:16:01.314Z
Hd-Lg-1,Henry Doorly Zoo,Lar gibbon,Male,18.5,Mixed,Social,Chow,Body Weight,7.7,2022-05-02T12:00:00.000Z,2022-07-29T23:15:59.809Z
Hd-Lg-1,Henry Doorly Zoo,Lar gibbon,Male,17.5,Mixed,Social,Chow,Body Weight,7.7,2021-04-12T12:00:00.000Z,2022-07-29T23:16:00.664Z
Hd-Lg-1,Henry Doorly Zoo,Lar gibbon,Male,15.5,Mixed,Social,Chow,Body Weight,7.7,2019-04-08T12:00:00.000Z,2022-07-29T23:16:01.419Z
Hv-Lg-1,Henry Vilas Zoo,Lar gibbon,Female,38.5,Mixed,Social,Chow,Body Weight,7.7,2022-12-05T12:00:00.000Z,2023-11-03T15:32:07.538Z
Hd-Lg-1,Henry Doorly Zoo,Lar gibbon,Male,16.5,Mixed,Social,Chow,Body Weight,7.68,2020-05-30T12:00:00.000Z,2022-07-29T23:16:00.934Z
Hd-Lg-1,Henry Doorly Zoo,Lar gibbon,Male,18.75,Mixed,Social,Chow,Body Weight,7.68,2022-07-19T12:00:00.000Z,2022-07-29T23:15:59.701Z
Hd-Lg-1,Henry Doorly Zoo,Lar gibbon,Male,18,Mixed,Social,Chow,Body Weight,7.65,2021-10-17T12:00:00.000Z,2022-07-29T23:16:00.161Z
Hd-Lg-1,Henry Doorly Zoo,Lar gibbon,Male,16.75,Mixed,Social,Chow,Body Weight,7.61,2020-07-10T12:00:00.000Z,2022-07-29T23:16:00.879Z
Hd-Lg-1,Henry Doorly Zoo,Lar gibbon,Male,15.5,Mixed,Social,Chow,Body Weight,7.6,2019-05-09T12:00:00.000Z,2022-07-29T23:16:01.368Z
Hd-Lg-1,Henry Doorly Zoo,Lar gibbon,Male,18.25,Mixed,Social,Chow,Body Weight,7.6,2022-02-10T12:00:00.000Z,2022-07-29T23:15:59.989Z
Hd-Lg-1,Henry Doorly Zoo,Lar gibbon,Male,17.25,Mixed,Social,Chow,Body Weight,7.6,2021-01-16T12:00:00.000Z,2022-07-29T23:16:00.737Z
Hd-Lg-1,Henry Doorly Zoo,Lar gibbon,Male,17.75,Mixed,Social,Chow,Body Weight,7.58,2021-09-07T12:00:00.000Z,2022-07-29T23:16:00.270Z
Hd-Lg-1,Henry Doorly Zoo,Lar gibbon,Male,18.25,Mixed,Social,Chow,Body Weight,7.58,2022-03-14T12:00:00.000Z,2022-07-29T23:15:59.932Z
Hd-Lg-13,Henry Doorly Zoo,Lar gibbon,Female,13.5,Mixed,Social,Chow,Body Weight,7.56,2012-12-09T12:00:00.000Z,2022-07-29T23:16:18.901Z
Hd-Lg-13,Henry Doorly Zoo,Lar gibbon,Female,13.5,Mixed,Social,Chow,Body Weight,7.54,2013-01-21T12:00:00.000Z,2022-07-29T23:16:18.761Z
Hd-Lg-13,Henry Doorly Zoo,Lar gibbon,Female,11.25,Mixed,Social,Chow,Body Weight,7.5,2010-11-16T12:00:00.000Z,2022-07-29T23:16:19.134Z
Hd-Lg-1,Henry Doorly Zoo,Lar gibbon,Male,16.25,Mixed,Social,Chow,Body Weight,7.5,2020-03-10T12:00:00.000Z,2022-07-29T23:16:01.046Z
Hd-Lg-1,Henry Doorly Zoo,Lar gibbon,Male,9,Mixed,Social,Chow,Body Weight,7.5,2012-11-20T12:00:00.000Z,2022-07-29T23:16:02.664Z
Hd-Lg-13,Henry Doorly Zoo,Lar gibbon,Female,13.5,Mixed,Social,Chow,Body Weight,7.48,2013-01-03T12:00:00.000Z,2022-07-29T23:16:18.817Z
Hd-Lg-13,Henry Doorly Zoo,Lar gibbon,Female,11.25,Mixed,Social,Chow,Body Weight,7.48,2010-11-30T12:00:00.000Z,2022-07-29T23:16:19.078Z
Hd-Lg-1,Henry Doorly Zoo,Lar gibbon,Male,18,Mixed,Social,Chow,Body Weight,7.46,2021-12-29T12:00:00.000Z,2022-07-29T23:16:00.104Z
Hd-Lg-1,Henry Doorly Zoo,Lar gibbon,Male,18.25,Mixed,Social,Chow,Body Weight,7.45,2022-04-01T12:00:00.000Z,2022-07-29T23:15:59.876Z
Hd-Lg-13,Henry Doorly Zoo,Lar gibbon,Female,21,Mixed,Social,Chow,Body Weight,7.42,2020-07-30T12:00:00.000Z,2022-07-29T23:16:17.938Z
Hd-Lg-12,Henry Doorly Zoo,Lar gibbon,Male,22.5,Mixed,Social,Chow,Body Weight,7.39,2016-10-13T12:00:00.000Z,2022-07-29T23:16:15.264Z
Hd-Lg-13,Henry Doorly Zoo,Lar gibbon,Female,10,Mixed,Social,Chow,Body Weight,7.34,2009-08-03T12:00:00.000Z,2022-07-29T23:16:19.244Z
Hv-Lg-1,Henry Vilas Zoo,Lar gibbon,Female,8.75,Mixed,Social,Chow,Body Weight,7.34,1993-03-15T12:00:00.000Z,2023-11-03T15:32:07.719Z
Hd-Lg-1,Henry Doorly Zoo,Lar gibbon,Male,17.5,Mixed,Social,Chow,Body Weight,7.3,2021-07-02T12:00:00.000Z,2022-07-29T23:16:00.408Z
Hd-Lg-1,Henry Doorly Zoo,Lar gibbon,Male,17.5,Mixed,Social,Chow,Body Weight,7.28,2021-06-01T12:00:00.000Z,2022-07-29T23:16:00.485Z
Hd-Lg-1,Henry Doorly Zoo,Lar gibbon,Male,14,Mixed,Social,Chow,Body Weight,7.26,2017-11-20T12:00:00.000Z,2022-07-29T23:16:01.737Z
Hd-Lg-13,Henry Doorly Zoo,Lar gibbon,Female,13.25,Mixed,Social,Chow,Body Weight,7.24,2012-10-05T12:00:00.000Z,2022-07-29T23:16:18.956Z
Hd-Lg-1,Henry Doorly Zoo,Lar gibbon,Male,18.25,Mixed,Social,Chow,Body Weight,7.21,2022-01-18T12:00:00.000Z,2022-07-29T23:16:00.045Z
Hd-Lg-5,Henry Doorly Zoo,Lar gibbon,Female,28.75,Mixed,Social,Chow,Body Weight,7.2,2008-01-29T12:00:00.000Z,2022-07-29T23:16:09.087Z
Hd-Lg-1,Henry Doorly Zoo,Lar gibbon,Male,10.25,Mixed,Social,Chow,Body Weight,7.17,2014-01-20T12:00:00.000Z,2022-07-29T23:16:02.454Z
Hd-Lg-7,Henry Doorly Zoo,Lar gibbon,Male,35.5,Mixed,Social,Chow,Body Weight,7.15,2021-12-08T12:00:00.000Z,2022-07-29T23:16:12.781Z
Hd-Lg-12,Henry Doorly Zoo,Lar gibbon,Male,16,Mixed,Social,Chow,Body Weight,7.12,2010-05-27T12:00:00.000Z,2022-07-29T23:16:15.392Z
Hd-Lg-1,Henry Doorly Zoo,Lar gibbon,Male,12.25,Mixed,Social,Chow,Body Weight,7.08,2016-02-02T12:00:00.000Z,2022-07-29T23:16:02.190Z
Hd-Lg-12,Henry Doorly Zoo,Lar gibbon,Male,18.75,Mixed,Social,Chow,Body Weight,7.08,2013-02-14T12:00:00.000Z,2022-07-29T23:16:15.340Z
Hd-Lg-7,Henry Doorly Zoo,Lar gibbon,Male,35.5,Mixed,Social,Chow,Body Weight,7.05,2021-12-30T12:00:00.000Z,2022-07-29T23:16:12.529Z
Hd-Lg-1,Henry Doorly Zoo,Lar gibbon,Male,7.75,Mixed,Social,Chow,Body Weight,7.031,2011-08-17T12:00:00.000Z,2022-07-29T23:16:02.715Z
Hd-Lg-1,Henry Doorly Zoo,Lar gibbon,Male,13.75,Mixed,Social,Chow,Body Weight,7.03,2017-09-02T12:00:00.000Z,2022-07-29T23:16:01.866Z
Hd-Lg-1,Henry Doorly Zoo,Lar gibbon,Male,12.75,Mixed,Social,Chow,Body Weight,7.01,2016-09-02T12:00:00.000Z,2022-07-29T23:16:02.023Z
Hd-Lg-7,Henry Doorly Zoo,Lar gibbon,Male,35.5,Mixed,Social,Chow,Body Weight,7,2022-01-05T12:00:00.000Z,2022-07-29T23:16:12.456Z
Hd-Lg-7,Henry Doorly Zoo,Lar gibbon,Male,35.5,Mixed,Social,Chow,Body Weight,7,2021-12-22T12:00:00.000Z,2022-07-29T23:16:12.618Z
Hd-Lg-7,Henry Doorly Zoo,Lar gibbon,Male,35.5,Mixed,Social,Chow,Body Weight,7,2021-11-07T12:00:00.000Z,2022-07-29T23:16:13.071Z
Hd-Lg-7,Henry Doorly Zoo,Lar gibbon,Male,36,Mixed,Social,Chow,Body Weight,7,2022-05-29T12:00:00.000Z,2022-07-29T23:16:11.919Z
Hd-Lg-7,Henry Doorly Zoo,Lar gibbon,Male,31.5,Mixed,Social,Chow,Body Weight,7,2018-01-17T12:00:00.000Z,2022-07-29T23:16:13.179Z
Hd-Lg-7,Henry Doorly Zoo,Lar gibbon,Male,36,Mixed,Social,Chow,Body Weight,7,2022-04-28T12:00:00.000Z,2022-07-29T23:16:12.027Z
Hd-Lg-10,Henry Doorly Zoo,Lar gibbon,Female,8,Mixed,Social,Chow,Body Weight,6.96,2000-02-23T12:00:00.000Z,2022-07-29T23:16:14.634Z
Hd-Lg-7,Henry Doorly Zoo,Lar gibbon,Male,36,Mixed,Social,Chow,Body Weight,6.95,2022-05-03T12:00:00.000Z,2022-07-29T23:16:11.974Z
Hd-Lg-5,Henry Doorly Zoo,Lar gibbon,Female,33,Mixed,Social,Chow,Body Weight,6.95,2012-03-04T12:00:00.000Z,2022-07-29T23:16:08.908Z
Hd-Lg-7,Henry Doorly Zoo,Lar gibbon,Male,35.5,Mixed,Social,Chow,Body Weight,6.95,2022-01-14T12:00:00.000Z,2022-07-29T23:16:12.404Z
Hd-Lg-1,Henry Doorly Zoo,Lar gibbon,Male,12.5,Mixed,Social,Chow,Body Weight,6.89,2016-06-20T12:00:00.000Z,2022-07-29T23:16:02.134Z
Hd-Lg-1,Henry Doorly Zoo,Lar gibbon,Male,14,Mixed,Social,Chow,Body Weight,6.89,2017-10-16T12:00:00.000Z,2022-07-29T23:16:01.791Z
Hd-Lg-1,Henry Doorly Zoo,Lar gibbon,Male,12.75,Mixed,Social,Chow,Body Weight,6.87,2016-08-06T12:00:00.000Z,2022-07-29T23:16:02.079Z
Hd-Lg-7,Henry Doorly Zoo,Lar gibbon,Male,35.5,Mixed,Social,Chow,Body Weight,6.85,2021-12-15T12:00:00.000Z,2022-07-29T23:16:12.702Z
Hd-Lg-7,Henry Doorly Zoo,Lar gibbon,Male,35.5,Mixed,Social,Chow,Body Weight,6.85,2021-11-14T12:00:00.000Z,2022-07-29T23:16:13.015Z
Hd-Lg-8,Henry Doorly Zoo,Lar gibbon,Male,12.75,Mixed,Social,Chow,Body Weight,6.85,1989-10-30T12:00:00.000Z,2022-07-29T23:16:14.427Z
Hd-Lg-5,Henry Doorly Zoo,Lar gibbon,Female,8,Mixed,Social,Chow,Body Weight,6.84,1987-04-28T12:00:00.000Z,2022-07-29T23:16:09.371Z
Hd-Lg-5,Henry Doorly Zoo,Lar gibbon,Female,26.5,Mixed,Social,Chow,Body Weight,6.806,2005-11-15T12:00:00.000Z,2022-07-29T23:16:09.147Z
Hd-Lg-1,Henry Doorly Zoo,Lar gibbon,Male,10.25,Mixed,Social,Chow,Body Weight,6.8,2014-03-12T12:00:00.000Z,2022-07-29T23:16:02.403Z
Hd-Lg-1,Henry Doorly Zoo,Lar gibbon,Male,15.25,Mixed,Social,Chow,Body Weight,6.8,2019-01-14T12:00:00.000Z,2022-07-29T23:16:01.523Z
Hd-Lg-7,Henry Doorly Zoo,Lar gibbon,Male,35.75,Mixed,Social,Chow,Body Weight,6.8,2022-02-26T12:00:00.000Z,2022-07-29T23:16:12.353Z
Hd-Lg-7,Henry Doorly Zoo,Lar gibbon,Male,35.75,Mixed,Social,Chow,Body Weight,6.8,2022-03-17T12:00:00.000Z,2022-07-29T23:16:12.133Z
Hd-Lg-6,Henry Doorly Zoo,Lar gibbon,Female,38.75,Mixed,Social,Chow,Body Weight,6.78,2019-08-24T12:00:00.000Z,2022-07-29T23:16:09.537Z
Hd-Lg-7,Henry Doorly Zoo,Lar gibbon,Male,35.75,Mixed,Social,Chow,Body Weight,6.75,2022-03-09T12:00:00.000Z,2022-07-29T23:16:12.191Z
Hd-Lg-1,Henry Doorly Zoo,Lar gibbon,Male,12,Mixed,Social,Chow,Body Weight,6.72,2015-11-05T12:00:00.000Z,2022-07-29T23:16:02.245Z
Hd-Lg-5,Henry Doorly Zoo,Lar gibbon,Female,30.75,Mixed,Social,Chow,Body Weight,6.713,2010-01-30T12:00:00.000Z,2022-07-29T23:16:08.967Z
Hd-Lg-5,Henry Doorly Zoo,Lar gibbon,Female,30.75,Mixed,Social,Chow,Body Weight,6.7,2010-01-29T12:00:00.000Z,2022-07-29T23:16:09.024Z
Hd-Lg-6,Henry Doorly Zoo,Lar gibbon,Female,26.5,Mixed,Social,Chow,Body Weight,6.68,2007-06-05T12:00:00.000Z,2022-07-29T23:16:10.960Z
Hd-Lg-7,Henry Doorly Zoo,Lar gibbon,Male,35.5,Mixed,Social,Chow,Body Weight,6.65,2021-11-21T12:00:00.000Z,2022-07-29T23:16:12.965Z
Hd-Lg-7,Henry Doorly Zoo,Lar gibbon,Male,34.5,Mixed,Social,Chow,Body Weight,6.65,2021-01-01T12:00:00.000Z,2022-07-29T23:16:13.124Z
Hd-Lg-7,Henry Doorly Zoo,Lar gibbon,Male,35.75,Mixed,Social,Chow,Body Weight,6.65,2022-02-27T12:00:00.000Z,2022-07-29T23:16:12.297Z
Hd-Lg-7,Henry Doorly Zoo,Lar gibbon,Male,35.75,Mixed,Social,Chow,Body Weight,6.65,2022-03-24T12:00:00.000Z,2022-07-29T23:16:12.081Z
Hd-Lg-7,Henry Doorly Zoo,Lar gibbon,Male,15,Mixed,Social,Chow,Body Weight,6.62,2001-07-19T12:00:00.000Z,2022-07-29T23:16:13.734Z
Hd-Lg-10,Henry Doorly Zoo,Lar gibbon,Female,9.5,Mixed,Social,Chow,Body Weight,6.62,2001-07-19T12:00:00.000Z,2022-07-29T23:16:14.531Z
Hd-Lg-6,Henry Doorly Zoo,Lar gibbon,Female,9,Mixed,Social,Chow,Body Weight,6.6,1989-10-12T12:00:00.000Z,2022-07-29T23:16:11.626Z
Hd-Lg-6,Henry Doorly Zoo,Lar gibbon,Female,35.5,Mixed,Social,Chow,Body Weight,6.6,2016-05-21T12:00:00.000Z,2022-07-29T23:16:10.416Z
Hd-Lg-7,Henry Doorly Zoo,Lar gibbon,Male,35.5,Mixed,Social,Chow,Body Weight,6.6,2021-11-28T12:00:00.000Z,2022-07-29T23:16:12.900Z
Hd-Lg-6,Henry Doorly Zoo,Lar gibbon,Female,8.75,Mixed,Social,Chow,Body Weight,6.6,1989-10-02T12:00:00.000Z,2022-07-29T23:16:11.679Z
Hd-Lg-7,Henry Doorly Zoo,Lar gibbon,Male,8.25,Mixed,Social,Chow,Body Weight,6.6,1994-09-08T12:00:00.000Z,2022-07-29T23:16:14.035Z
Hd-Lg-7,Henry Doorly Zoo,Lar gibbon,Male,35.75,Mixed,Social,Chow,Body Weight,6.6,2022-03-06T12:00:00.000Z,2022-07-29T23:16:12.245Z
Hd-Lg-1,Henry Doorly Zoo,Lar gibbon,Male,11.75,Mixed,Social,Chow,Body Weight,6.59,2015-09-20T12:00:00.000Z,2022-07-29T23:16:02.301Z
Hd-Lg-7,Henry Doorly Zoo,Lar gibbon,Male,13.75,Mixed,Social,Chow,Body Weight,6.58,2000-02-23T12:00:00.000Z,2022-07-29T23:16:13.788Z
Hd-Lg-1,Henry Doorly Zoo,Lar gibbon,Male,10,Mixed,Social,Chow,Body Weight,6.52,2013-11-11T12:00:00.000Z,2022-07-29T23:16:02.560Z
Hd-Lg-6,Henry Doorly Zoo,Lar gibbon,Female,38.75,Mixed,Social,Chow,Body Weight,6.5,2019-08-08T12:00:00.000Z,2022-07-29T23:16:09.591Z
Hd-Lg-8,Henry Doorly Zoo,Lar gibbon,Male,14,Mixed,Social,Chow,Body Weight,6.5,1990-12-28T12:00:00.000Z,2022-07-29T23:16:14.369Z
Hd-Lg-6,Henry Doorly Zoo,Lar gibbon,Female,13,Mixed,Social,Chow,Body Weight,6.5,1993-12-28T12:00:00.000Z,2022-07-29T23:16:11.403Z
Hd-Lg-6,Henry Doorly Zoo,Lar gibbon,Female,13.25,Mixed,Social,Chow,Body Weight,6.5,1994-01-06T12:00:00.000Z,2022-07-29T23:16:11.347Z
Hd-Lg-5,Henry Doorly Zoo,Lar gibbon,Female,20.5,Mixed,Social,Chow,Body Weight,6.49,1999-08-29T12:00:00.000Z,2022-07-29T23:16:09.203Z
Hv-Lg-2,Henry Vilas Zoo,Lar gibbon,Male,5.25,Mixed,Social,Chow,Body Weight,6.45,1992-06-12T12:00:00.000Z,2023-11-03T15:32:07.971Z
Hd-Lg-6,Henry Doorly Zoo,Lar gibbon,Female,14.75,Mixed,Social,Chow,Body Weight,6.44,1995-09-28T12:00:00.000Z,2022-07-29T23:16:11.294Z
Hd-Lg-12,Henry Doorly Zoo,Lar gibbon,Male,7.75,Mixed,Social,Chow,Body Weight,6.44,2002-01-17T12:00:00.000Z,2022-07-29T23:16:15.497Z
Hd-Lg-7,Henry Doorly Zoo,Lar gibbon,Male,9.25,Mixed,Social,Chow,Body Weight,6.42,1995-09-28T12:00:00.000Z,2022-07-29T23:16:13.984Z
Hd-Lg-10,Henry Doorly Zoo,Lar gibbon,Female,8.75,Mixed,Social,Chow,Body Weight,6.4,2000-11-01T12:00:00.000Z,2022-07-29T23:16:14.582Z
Hd-Lg-10,Henry Doorly Zoo,Lar gibbon,Female,7.25,Mixed,Social,Chow,Body Weight,6.352,1999-03-09T12:00:00.000Z,2022-07-29T23:16:14.685Z
Hd-Lg-12,Henry Doorly Zoo,Lar gibbon,Male,9.75,Mixed,Social,Chow,Body Weight,6.35,2004-02-19T12:00:00.000Z,2022-07-29T23:16:15.443Z
Hv-Lg-1,Henry Vilas Zoo,Lar gibbon,Female,7.5,Mixed,Social,Chow,Body Weight,6.264,1991-11-05T12:00:00.000Z,2023-11-03T15:32:07.786Z
Hd-Lg-6,Henry Doorly Zoo,Lar gibbon,Female,32.25,Mixed,Social,Chow,Body Weight,6.2,2013-01-24T12:00:00.000Z,2022-07-29T23:16:10.489Z
Hd-Lg-7,Henry Doorly Zoo,Lar gibbon,Male,7.5,Mixed,Social,Chow,Body Weight,6.2,1994-01-06T12:00:00.000Z,2022-07-29T23:16:14.091Z
Hd-Lg-6,Henry Doorly Zoo,Lar gibbon,Female,28,Mixed,Social,Chow,Body Weight,6.2,2008-10-20T12:00:00.000Z,2022-07-29T23:16:10.822Z
Hd-Lg-6,Henry Doorly Zoo,Lar gibbon,Female,28,Mixed,Social,Chow,Body Weight,6.2,2008-11-24T12:00:00.000Z,2022-07-29T23:16:10.761Z
Hd-Lg-1,Henry Doorly Zoo,Lar gibbon,Male,10.5,Mixed,Social,Chow,Body Weight,6.19,2014-04-21T12:00:00.000Z,2022-07-29T23:16:02.354Z
Hd-Lg-6,Henry Doorly Zoo,Lar gibbon,Female,9,Mixed,Social,Chow,Body Weight,6.15,1989-12-12T12:00:00.000Z,2022-07-29T23:16:11.511Z
Hd-Lg-6,Henry Doorly Zoo,Lar gibbon,Female,19.25,Mixed,Social,Chow,Body Weight,6.12,2000-02-23T12:00:00.000Z,2022-07-29T23:16:11.125Z
Hd-Lg-6,Henry Doorly Zoo,Lar gibbon,Female,37.75,Mixed,Social,Chow,Body Weight,6.1,2018-08-26T12:00:00.000Z,2022-07-29T23:16:09.882Z
Hd-Lg-6,Henry Doorly Zoo,Lar gibbon,Female,28,Mixed,Social,Chow,Body Weight,6.1,2008-12-11T12:00:00.000Z,2022-07-29T23:16:10.708Z
Hd-Lg-7,Henry Doorly Zoo,Lar gibbon,Male,6.75,Mixed,Social,Chow,Body Weight,6.1,1993-03-31T12:00:00.000Z,2022-07-29T23:16:14.148Z
Hd-Lg-10,Henry Doorly Zoo,Lar gibbon,Female,9.5,Mixed,Social,Chow,Body Weight,6.1,2001-08-05T12:00:00.000Z,2022-07-29T23:16:14.478Z
Hd-Lg-7,Henry Doorly Zoo,Lar gibbon,Male,12.75,Mixed,Social,Chow,Body Weight,6.08,1999-03-09T12:00:00.000Z,2022-07-29T23:16:13.875Z
Hd-Lg-1,Henry Doorly Zoo,Lar gibbon,Male,10,Mixed,Social,Chow,Body Weight,6.06,2013-12-14T12:00:00.000Z,2022-07-29T23:16:02.509Z
Hd-Lg-6,Henry Doorly Zoo,Lar gibbon,Female,18.25,Mixed,Social,Chow,Body Weight,6.034,1999-03-09T12:00:00.000Z,2022-07-29T23:16:11.182Z
Hd-Lg-6,Henry Doorly Zoo,Lar gibbon,Female,38.25,Mixed,Social,Chow,Body Weight,6,2019-01-29T12:00:00.000Z,2022-07-29T23:16:09.752Z
Hd-Lg-6,Henry Doorly Zoo,Lar gibbon,Female,37.25,Mixed,Social,Chow,Body Weight,6,2018-02-02T12:00:00.000Z,2022-07-29T23:16:10.052Z
Hd-Lg-6,Henry Doorly Zoo,Lar gibbon,Female,37.25,Mixed,Social,Chow,Body Weight,6,2018-02-10T12:00:00.000Z,2022-07-29T23:16:09.993Z
Hd-Lg-6,Henry Doorly Zoo,Lar gibbon,Female,38.25,Mixed,Social,Chow,Body Weight,6,2019-01-12T12:00:00.000Z,2022-07-29T23:16:09.807Z
Hd-Lg-6,Henry Doorly Zoo,Lar gibbon,Female,38.25,Mixed,Social,Chow,Body Weight,6,2019-02-18T12:00:00.000Z,2022-07-29T23:16:09.699Z
Hd-Lg-6,Henry Doorly Zoo,Lar gibbon,Female,37.25,Mixed,Social,Chow,Body Weight,6,2018-02-17T12:00:00.000Z,2022-07-29T23:16:09.941Z
Hd-Lg-6,Henry Doorly Zoo,Lar gibbon,Female,38.5,Mixed,Social,Chow,Body Weight,6,2019-05-08T12:00:00.000Z,2022-07-29T23:16:09.644Z
Hd-Lg-7,Henry Doorly Zoo,Lar gibbon,Male,11.5,Mixed,Social,Chow,Body Weight,6,1997-12-09T12:00:00.000Z,2022-07-29T23:16:13.928Z
Hd-Lg-10,Henry Doorly Zoo,Lar gibbon,Female,6,Mixed,Social,Chow,Body Weight,5.92,1997-12-09T12:00:00.000Z,2022-07-29T23:16:14.739Z
Hd-Lg-6,Henry Doorly Zoo,Lar gibbon,Female,28,Mixed,Social,Chow,Body Weight,5.9,2008-12-24T12:00:00.000Z,2022-07-29T23:16:10.655Z
Hd-Lg-4,Henry Doorly Zoo,Lar gibbon,Male,9.75,Mixed,Social,Chow,Body Weight,5.82,1985-09-29T12:00:00.000Z,2022-07-29T23:16:08.589Z
Hd-Lg-6,Henry Doorly Zoo,Lar gibbon,Female,27.5,Mixed,Social,Chow,Body Weight,5.8,2008-05-16T12:00:00.000Z,2022-07-29T23:16:10.903Z
Hd-Lg-4,Henry Doorly Zoo,Lar gibbon,Male,8.5,Mixed,Social,Chow,Body Weight,5.8,1984-06-01T12:00:00.000Z,2022-07-29T23:16:08.646Z
Hd-Lg-6,Henry Doorly Zoo,Lar gibbon,Female,28.25,Mixed,Social,Chow,Body Weight,5.76,2009-01-07T12:00:00.000Z,2022-07-29T23:16:10.600Z
Hd-Lg-6,Henry Doorly Zoo,Lar gibbon,Female,17,Mixed,Social,Chow,Body Weight,5.73,1997-12-09T12:00:00.000Z,2022-07-29T23:16:11.238Z
Hd-Lg-4,Henry Doorly Zoo,Lar gibbon,Male,10.5,Mixed,Social,Chow,Body Weight,5.71,1986-06-13T12:00:00.000Z,2022-07-29T23:16:08.534Z
Hd-Lg-6,Henry Doorly Zoo,Lar gibbon,Female,36.75,Mixed,Social,Chow,Body Weight,5.7,2017-07-17T12:00:00.000Z,2022-07-29T23:16:10.134Z
Hd-Lg-6,Henry Doorly Zoo,Lar gibbon,Female,23,Mixed,Social,Chow,Body Weight,5.7,2003-11-18T12:00:00.000Z,2022-07-29T23:16:11.012Z
Hd-Lg-6,Henry Doorly Zoo,Lar gibbon,Female,7,Mixed,Social,Chow,Body Weight,5.66,1987-10-09T12:00:00.000Z,2022-07-29T23:16:11.732Z
Hd-Lg-1,Henry Doorly Zoo,Lar gibbon,Male,10,Mixed,Social,Chow,Body Weight,5.61,2013-10-30T12:00:00.000Z,2022-07-29T23:16:02.613Z
Hd-Lg-6,Henry Doorly Zoo,Lar gibbon,Female,36.5,Mixed,Social,Chow,Body Weight,5.6,2017-04-30T12:00:00.000Z,2022-07-29T23:16:10.237Z
Hd-Lg-6,Henry Doorly Zoo,Lar gibbon,Female,36.25,Mixed,Social,Chow,Body Weight,5.6,2017-03-28T12:00:00.000Z,2022-07-29T23:16:10.314Z
Hd-Lg-7,Henry Doorly Zoo,Lar gibbon,Male,6,Mixed,Social,Chow,Body Weight,5.54,1992-06-12T12:00:00.000Z,2022-07-29T23:16:14.207Z
Hd-Lg-6,Henry Doorly Zoo,Lar gibbon,Female,5.5,Mixed,Social,Chow,Body Weight,5.52,1986-06-13T12:00:00.000Z,2022-07-29T23:16:11.789Z
Hd-Lg-6,Henry Doorly Zoo,Lar gibbon,Female,20.5,Mixed,Social,Chow,Body Weight,5.5,2001-05-21T12:00:00.000Z,2022-07-29T23:16:11.068Z
Hd-Lg-1,Henry Doorly Zoo,Lar gibbon,Male,5.75,Mixed,Social,Chow,Body Weight,5.443,2009-07-17T12:00:00.000Z,2022-07-29T23:16:02.791Z
Hd-Lg-6,Henry Doorly Zoo,Lar gibbon,Female,28.75,Mixed,Social,Chow,Body Weight,5.4,2009-08-02T12:00:00.000Z,2022-07-29T23:16:10.544Z
Hd-Lg-1,Henry Doorly Zoo,Lar gibbon,Male,4.75,Mixed,Social,Chow,Body Weight,5.22,2008-09-15T12:00:00.000Z,2022-07-29T23:16:02.904Z
Hv-Lg-2,Henry Vilas Zoo,Lar gibbon,Male,4.25,Mixed,Social,Chow,Body Weight,5.2,1991-04-15T12:00:00.000Z,2023-11-03T15:32:08.033Z
Hd-Lg-5,Henry Doorly Zoo,Lar gibbon,Female,4.5,Mixed,Social,Chow,Body Weight,5.1,1983-10-13T12:00:00.000Z,2022-07-29T23:16:09.480Z
Hd-Lg-5,Henry Doorly Zoo,Lar gibbon,Female,5.25,Mixed,Social,Chow,Body Weight,5.04,1984-06-28T12:00:00.000Z,2022-07-29T23:16:09.428Z
Hd-Lg-1,Henry Doorly Zoo,Lar gibbon,Male,2.75,Mixed,Social,Chow,Body Weight,4.92,2006-07-20T12:00:00.000Z,2022-07-29T23:16:03.237Z
Hd-Lg-13,Henry Doorly Zoo,Lar gibbon,Female,3,Mixed,Social,Chow,Body Weight,4.86,2002-08-08T12:00:00.000Z,2022-07-29T23:16:19.352Z
Hd-Lg-6,Henry Doorly Zoo,Lar gibbon,Female,4.25,Mixed,Social,Chow,Body Weight,4.84,1985-03-21T12:00:00.000Z,2022-07-29T23:16:11.865Z
Hd-Lg-4,Henry Doorly Zoo,Lar gibbon,Male,7.75,Mixed,Social,Chow,Body Weight,4.82,1983-10-13T12:00:00.000Z,2022-07-29T23:16:08.706Z
Hd-Lg-7,Henry Doorly Zoo,Lar gibbon,Male,4.5,Mixed,Social,Chow,Body Weight,4.6,1990-12-18T12:00:00.000Z,2022-07-29T23:16:14.262Z
Hv-Lg-2,Henry Vilas Zoo,Lar gibbon,Male,3.5,Mixed,Social,Chow,Body Weight,4.6,1990-08-08T12:00:00.000Z,2023-11-03T15:32:08.096Z
Hd-Lg-7,Henry Doorly Zoo,Lar gibbon,Male,3.25,Mixed,Social,Chow,Body Weight,4.2,1989-10-12T12:00:00.000Z,2022-07-29T23:16:14.315Z
Hd-Lg-1,Henry Doorly Zoo,Lar gibbon,Male,3.5,Mixed,Social,Chow,Body Weight,4.2,2007-06-05T12:00:00.000Z,2022-07-29T23:16:02.989Z
Hd-Lg-6,Henry Doorly Zoo,Lar gibbon,Female,9.25,Mixed,Social,Chow,Body Weight,4.124,1990-01-19T12:00:00.000Z,2022-07-29T23:16:11.457Z
Hd-Lg-6,Henry Doorly Zoo,Lar gibbon,Female,9,Mixed,Social,Chow,Body Weight,4.124,1989-11-10T12:00:00.000Z,2022-07-29T23:16:11.572Z
Hd-Lg-1,Henry Doorly Zoo,Lar gibbon,Male,3.5,Mixed,Social,Chow,Body Weight,4.08,2007-05-15T12:00:00.000Z,2022-07-29T23:16:03.075Z
Hd-Lg-1,Henry Doorly Zoo,Lar gibbon,Male,2.25,Mixed,Social,Chow,Body Weight,3.68,2006-01-23T12:00:00.000Z,2022-07-29T23:16:03.291Z
Hd-Lg-12,Henry Doorly Zoo,Lar gibbon,Male,3,Mixed,Social,Chow,Body Weight,3.6,1997-04-07T12:00:00.000Z,2022-07-29T23:16:15.549Z
Hd-Lg-1,Henry Doorly Zoo,Lar gibbon,Male,2.75,Mixed,Social,Chow,Body Weight,3.58,2006-09-12T12:00:00.000Z,2022-07-29T23:16:03.180Z
Hd-Lg-10,Henry Doorly Zoo,Lar gibbon,Female,2.5,Mixed,Social,Chow,Body Weight,2.86,1994-06-13T12:00:00.000Z,2022-07-29T23:16:14.791Z
Hd-Lg-1,Henry Doorly Zoo,Lar gibbon,Male,1.5,Mixed,Social,Chow,Body Weight,2.68,2005-05-02T12:00:00.000Z,2022-07-29T23:16:03.347Z
Hd-Lg-10,Henry Doorly Zoo,Lar gibbon,Female,2,Mixed,Social,Chow,Body Weight,2.6,1993-12-28T12:00:00.000Z,2022-07-29T23:16:14.897Z
Hd-Lg-1,Henry Doorly Zoo,Lar gibbon,Male,1.25,Mixed,Social,Chow,Body Weight,2.58,2005-04-03T12:00:00.000Z,2022-07-29T23:16:03.406Z
Hd-Lg-1,Henry Doorly Zoo,Lar gibbon,Male,1.25,Mixed,Social,Chow,Body Weight,2.54,2005-03-08T12:00:00.000Z,2022-07-29T23:16:03.460Z
Hd-Lg-1,Henry Doorly Zoo,Lar gibbon,Male,1.25,Mixed,Social,Chow,Body Weight,2.48,2005-02-26T12:00:00.000Z,2022-07-29T23:16:03.511Z
Hd-Lg-1,Henry Doorly Zoo,Lar gibbon,Male,1.25,Mixed,Social,Chow,Body Weight,2.269,2005-02-07T12:00:00.000Z,2022-07-29T23:16:03.625Z
Hd-Lg-1,Henry Doorly Zoo,Lar gibbon,Male,1.25,Mixed,Social,Chow,Body Weight,2.269,2005-02-03T12:00:00.000Z,2022-07-29T23:16:03.687Z
Hd-Lg-1,Henry Doorly Zoo,Lar gibbon,Male,1.25,Mixed,Social,Chow,Body Weight,2.246,2005-01-31T12:00:00.000Z,2022-07-29T23:16:03.746Z
Hd-Lg-1,Henry Doorly Zoo,Lar gibbon,Male,1.25,Mixed,Social,Chow,Body Weight,2.201,2005-01-26T12:00:00.000Z,2022-07-29T23:16:03.800Z
Hd-Lg-1,Henry Doorly Zoo,Lar gibbon,Male,1.25,Mixed,Social,Chow,Body Weight,2.2,2005-02-18T12:00:00.000Z,2022-07-29T23:16:03.566Z
Hd-Lg-1,Henry Doorly Zoo,Lar gibbon,Male,1.25,Mixed,Social,Chow,Body Weight,2.178,2005-01-22T12:00:00.000Z,2022-07-29T23:16:03.875Z
Hd-Lg-1,Henry Doorly Zoo,Lar gibbon,Male,1,Mixed,Social,Chow,Body Weight,2.155,2004-12-19T12:00:00.000Z,2022-07-29T23:16:04.093Z
Hd-Lg-1,Henry Doorly Zoo,Lar gibbon,Male,1.25,Mixed,Social,Chow,Body Weight,2.155,2005-01-11T12:00:00.000Z,2022-07-29T23:16:03.930Z
Hd-Lg-1,Henry Doorly Zoo,Lar gibbon,Male,1,Mixed,Social,Chow,Body Weight,2.11,2004-12-15T12:00:00.000Z,2022-07-29T23:16:04.156Z
Hd-Lg-1,Henry Doorly Zoo,Lar gibbon,Male,1,Mixed,Social,Chow,Body Weight,2.087,2004-11-04T12:00:00.000Z,2022-07-29T23:16:04.210Z
Hd-Lg-1,Henry Doorly Zoo,Lar gibbon,Male,1.25,Mixed,Social,Chow,Body Weight,2.042,2005-01-06T12:00:00.000Z,2022-07-29T23:16:03.985Z
Hd-Lg-1,Henry Doorly Zoo,Lar gibbon,Male,1,Mixed,Social,Chow,Body Weight,2.019,2004-12-26T12:00:00.000Z,2022-07-29T23:16:04.036Z
Hd-Lg-1,Henry Doorly Zoo,Lar gibbon,Male,1,Mixed,Social,Chow,Body Weight,2.019,2004-11-01T12:00:00.000Z,2022-07-29T23:16:04.316Z
Hd-Lg-1,Henry Doorly Zoo,Lar gibbon,Male,0.75,Mixed,Social,Chow,Body Weight,1.951,2004-09-30T12:00:00.000Z,2022-07-29T23:16:04.528Z
Hd-Lg-1,Henry Doorly Zoo,Lar gibbon,Male,0.75,Mixed,Social,Chow,Body Weight,1.928,2004-10-04T12:00:00.000Z,2022-07-29T23:16:04.477Z
Hd-Lg-1,Henry Doorly Zoo,Lar gibbon,Male,1,Mixed,Social,Chow,Body Weight,1.928,2004-11-03T12:00:00.000Z,2022-07-29T23:16:04.264Z
Hd-Lg-1,Henry Doorly Zoo,Lar gibbon,Male,1,Mixed,Social,Chow,Body Weight,1.883,2004-10-18T12:00:00.000Z,2022-07-29T23:16:04.372Z
Hd-Lg-1,Henry Doorly Zoo,Lar gibbon,Male,1,Mixed,Social,Chow,Body Weight,1.815,2004-10-11T12:00:00.000Z,2022-07-29T23:16:04.423Z
Hd-Lg-1,Henry Doorly Zoo,Lar gibbon,Male,0.75,Mixed,Social,Chow,Body Weight,1.815,2004-09-23T12:00:00.000Z,2022-07-29T23:16:04.581Z
Hd-Lg-12,Henry Doorly Zoo,Lar gibbon,Male,0.75,Mixed,Social,Chow,Body Weight,1.79,1995-01-29T12:00:00.000Z,2022-07-29T23:16:15.602Z
Hd-Lg-1,Henry Doorly Zoo,Lar gibbon,Male,0.75,Mixed,Social,Chow,Body Weight,1.724,2004-09-16T12:00:00.000Z,2022-07-29T23:16:04.693Z
Hd-Lg-1,Henry Doorly Zoo,Lar gibbon,Male,0.75,Mixed,Social,Chow,Body Weight,1.724,2004-08-12T12:00:00.000Z,2022-07-29T23:16:05.029Z
Hd-Lg-1,Henry Doorly Zoo,Lar gibbon,Male,0.75,Mixed,Social,Chow,Body Weight,1.724,2004-09-19T12:00:00.000Z,2022-07-29T23:16:04.639Z
Hd-Lg-1,Henry Doorly Zoo,Lar gibbon,Male,0.75,Mixed,Social,Chow,Body Weight,1.656,2004-08-01T12:00:00.000Z,2022-07-29T23:16:05.085Z
Hd-Lg-1,Henry Doorly Zoo,Lar gibbon,Male,0.75,Mixed,Social,Chow,Body Weight,1.656,2004-08-26T12:00:00.000Z,2022-07-29T23:16:04.807Z
Hd-Lg-1,Henry Doorly Zoo,Lar gibbon,Male,0.75,Mixed,Social,Chow,Body Weight,1.633,2004-08-22T12:00:00.000Z,2022-07-29T23:16:04.893Z
Hd-Lg-1,Henry Doorly Zoo,Lar gibbon,Male,0.25,Mixed,Social,Chow,Body Weight,1.6,2004-03-12T12:00:00.000Z,2022-07-29T23:16:06.851Z
Hd-Lg-1,Henry Doorly Zoo,Lar gibbon,Male,0.75,Mixed,Social,Chow,Body Weight,1.588,2004-08-15T12:00:00.000Z,2022-07-29T23:16:04.956Z
Hd-Lg-1,Henry Doorly Zoo,Lar gibbon,Male,0.75,Mixed,Social,Chow,Body Weight,1.588,2004-09-09T12:00:00.000Z,2022-07-29T23:16:04.747Z
Hd-Lg-1,Henry Doorly Zoo,Lar gibbon,Male,0.75,Mixed,Social,Chow,Body Weight,1.543,2004-07-08T12:00:00.000Z,2022-07-29T23:16:05.457Z
Hd-Lg-1,Henry Doorly Zoo,Lar gibbon,Male,0.75,Mixed,Social,Chow,Body Weight,1.497,2004-07-23T12:00:00.000Z,2022-07-29T23:16:05.142Z
Hd-Lg-1,Henry Doorly Zoo,Lar gibbon,Male,0.75,Mixed,Social,Chow,Body Weight,1.475,2004-07-11T12:00:00.000Z,2022-07-29T23:16:05.379Z
Hd-Lg-12,Henry Doorly Zoo,Lar gibbon,Male,0.5,Mixed,Social,Chow,Body Weight,1.467,1994-11-22T12:00:00.000Z,2022-07-29T23:16:15.707Z
Hd-Lg-12,Henry Doorly Zoo,Lar gibbon,Male,0.5,Mixed,Social,Chow,Body Weight,1.46,1994-11-28T12:00:00.000Z,2022-07-29T23:16:15.656Z
Hd-Lg-12,Henry Doorly Zoo,Lar gibbon,Male,0.5,Mixed,Social,Chow,Body Weight,1.453,1994-11-03T12:00:00.000Z,2022-07-29T23:16:15.812Z
Hd-Lg-1,Henry Doorly Zoo,Lar gibbon,Male,0.75,Mixed,Social,Chow,Body Weight,1.452,2004-07-13T12:00:00.000Z,2022-07-29T23:16:05.301Z
Hd-Lg-1,Henry Doorly Zoo,Lar gibbon,Male,0.75,Mixed,Social,Chow,Body Weight,1.452,2004-07-18T12:00:00.000Z,2022-07-29T23:16:05.208Z
Hd-Lg-12,Henry Doorly Zoo,Lar gibbon,Male,0.5,Mixed,Social,Chow,Body Weight,1.432,1994-11-11T12:00:00.000Z,2022-07-29T23:16:15.759Z
Hd-Lg-1,Henry Doorly Zoo,Lar gibbon,Male,0.5,Mixed,Social,Chow,Body Weight,1.429,2004-06-14T12:00:00.000Z,2022-07-29T23:16:05.785Z
Hd-Lg-1,Henry Doorly Zoo,Lar gibbon,Male,0.5,Mixed,Social,Chow,Body Weight,1.407,2004-07-02T12:00:00.000Z,2022-07-29T23:16:05.620Z
Hd-Lg-1,Henry Doorly Zoo,Lar gibbon,Male,0.75,Mixed,Social,Chow,Body Weight,1.361,2004-07-05T12:00:00.000Z,2022-07-29T23:16:05.554Z
Hd-Lg-1,Henry Doorly Zoo,Lar gibbon,Male,0.5,Mixed,Social,Chow,Body Weight,1.361,2004-06-20T12:00:00.000Z,2022-07-29T23:16:05.731Z
Hd-Lg-1,Henry Doorly Zoo,Lar gibbon,Male,0.5,Mixed,Social,Chow,Body Weight,1.361,2004-06-24T12:00:00.000Z,2022-07-29T23:16:05.673Z
Hd-Lg-1,Henry Doorly Zoo,Lar gibbon,Male,0.5,Mixed,Social,Chow,Body Weight,1.338,2004-06-05T12:00:00.000Z,2022-07-29T23:16:05.921Z
Hd-Lg-12,Henry Doorly Zoo,Lar gibbon,Male,0.5,Mixed,Social,Chow,Body Weight,1.318,1994-10-24T12:00:00.000Z,2022-07-29T23:16:15.879Z
Hd-Lg-1,Henry Doorly Zoo,Lar gibbon,Male,0.5,Mixed,Social,Chow,Body Weight,1.293,2004-06-10T12:00:00.000Z,2022-07-29T23:16:05.857Z
Hd-Lg-1,Henry Doorly Zoo,Lar gibbon,Male,0.5,Mixed,Social,Chow,Body Weight,1.293,2004-05-15T12:00:00.000Z,2022-07-29T23:16:06.197Z
Hd-Lg-1,Henry Doorly Zoo,Lar gibbon,Male,0.5,Mixed,Social,Chow,Body Weight,1.293,2004-05-24T12:00:00.000Z,2022-07-29T23:16:06.081Z
Hd-Lg-1,Henry Doorly Zoo,Lar gibbon,Male,0.5,Mixed,Social,Chow,Body Weight,1.293,2004-05-20T12:00:00.000Z,2022-07-29T23:16:06.138Z
Hd-Lg-12,Henry Doorly Zoo,Lar gibbon,Male,0.5,Mixed,Social,Chow,Body Weight,1.29,1994-10-14T12:00:00.000Z,2022-07-29T23:16:15.929Z
Hd-Lg-12,Henry Doorly Zoo,Lar gibbon,Male,0.5,Mixed,Social,Chow,Body Weight,1.276,1994-10-04T12:00:00.000Z,2022-07-29T23:16:15.985Z
Hd-Lg-1,Henry Doorly Zoo,Lar gibbon,Male,0.5,Mixed,Social,Chow,Body Weight,1.27,2004-05-28T12:00:00.000Z,2022-07-29T23:16:06.026Z
Hd-Lg-1,Henry Doorly Zoo,Lar gibbon,Male,0.5,Mixed,Social,Chow,Body Weight,1.27,2004-05-11T12:00:00.000Z,2022-07-29T23:16:06.250Z
Hd-Lg-1,Henry Doorly Zoo,Lar gibbon,Male,0.5,Mixed,Social,Chow,Body Weight,1.27,2004-06-02T12:00:00.000Z,2022-07-29T23:16:05.973Z
Hd-Lg-1,Henry Doorly Zoo,Lar gibbon,Male,0.5,Mixed,Social,Chow,Body Weight,1.248,2004-05-07T12:00:00.000Z,2022-07-29T23:16:06.303Z
Hd-Lg-1,Henry Doorly Zoo,Lar gibbon,Male,0.5,Mixed,Social,Chow,Body Weight,1.248,2004-05-03T12:00:00.000Z,2022-07-29T23:16:06.358Z
Hd-Lg-12,Henry Doorly Zoo,Lar gibbon,Male,0.5,Mixed,Social,Chow,Body Weight,1.212,1994-09-24T12:00:00.000Z,2022-07-29T23:16:16.036Z
Hd-Lg-1,Henry Doorly Zoo,Lar gibbon,Male,0.5,Mixed,Social,Chow,Body Weight,1.202,2004-04-05T12:00:00.000Z,2022-07-29T23:16:06.620Z
Hd-Lg-1,Henry Doorly Zoo,Lar gibbon,Male,0.5,Mixed,Social,Chow,Body Weight,1.202,2004-04-21T12:00:00.000Z,2022-07-29T23:16:06.464Z
Hd-Lg-1,Henry Doorly Zoo,Lar gibbon,Male,0.5,Mixed,Social,Chow,Body Weight,1.202,2004-04-27T12:00:00.000Z,2022-07-29T23:16:06.413Z
Hd-Lg-12,Henry Doorly Zoo,Lar gibbon,Male,0.5,Mixed,Social,Chow,Body Weight,1.169,1994-09-15T12:00:00.000Z,2022-07-29T23:16:16.092Z
Hd-Lg-1,Henry Doorly Zoo,Lar gibbon,Male,0.25,Mixed,Social,Chow,Body Weight,1.134,2004-03-31T12:00:00.000Z,2022-07-29T23:16:06.675Z
Hd-Lg-1,Henry Doorly Zoo,Lar gibbon,Male,0.5,Mixed,Social,Chow,Body Weight,1.134,2004-04-15T12:00:00.000Z,2022-07-29T23:16:06.516Z
Hd-Lg-1,Henry Doorly Zoo,Lar gibbon,Male,0.5,Mixed,Social,Chow,Body Weight,1.134,2004-04-10T12:00:00.000Z,2022-07-29T23:16:06.567Z
Hd-Lg-12,Henry Doorly Zoo,Lar gibbon,Male,0.5,Mixed,Social,Chow,Body Weight,1.113,1994-09-04T12:00:00.000Z,2022-07-29T23:16:16.147Z
Hd-Lg-1,Henry Doorly Zoo,Lar gibbon,Male,0.25,Mixed,Social,Chow,Body Weight,1.112,2004-03-25T12:00:00.000Z,2022-07-29T23:16:06.726Z
Hd-Lg-1,Henry Doorly Zoo,Lar gibbon,Male,0.25,Mixed,Social,Chow,Body Weight,1.1,2004-02-24T12:00:00.000Z,2022-07-29T23:16:07.019Z
Hd-Lg-1,Henry Doorly Zoo,Lar gibbon,Male,0.25,Mixed,Social,Chow,Body Weight,1.089,2004-03-18T12:00:00.000Z,2022-07-29T23:16:06.777Z
Hd-Lg-1,Henry Doorly Zoo,Lar gibbon,Male,0.25,Mixed,Social,Chow,Body Weight,1.044,2004-02-29T12:00:00.000Z,2022-07-29T23:16:06.966Z
Hd-Lg-1,Henry Doorly Zoo,Lar gibbon,Male,0.25,Mixed,Social,Chow,Body Weight,1.044,2004-03-07T12:00:00.000Z,2022-07-29T23:16:06.916Z
Hd-Lg-12,Henry Doorly Zoo,Lar gibbon,Male,0.25,Mixed,Social,Chow,Body Weight,1.042,1994-08-24T12:00:00.000Z,2022-07-29T23:16:16.204Z
Hd-Lg-1,Henry Doorly Zoo,Lar gibbon,Male,0.25,Mixed,Social,Chow,Body Weight,1,2004-02-06T12:00:00.000Z,2022-07-29T23:16:07.200Z
Hd-Lg-1,Henry Doorly Zoo,Lar gibbon,Male,0.25,Mixed,Social,Chow,Body Weight,0.9982,2004-02-19T12:00:00.000Z,2022-07-29T23:16:07.084Z
Hd-Lg-12,Henry Doorly Zoo,Lar gibbon,Male,0.25,Mixed,Social,Chow,Body Weight,0.9852,1994-08-14T12:00:00.000Z,2022-07-29T23:16:16.258Z
Hd-Lg-1,Henry Doorly Zoo,Lar gibbon,Male,0.25,Mixed,Social,Chow,Body Weight,0.96,2004-01-27T12:00:00.000Z,2022-07-29T23:16:07.308Z
Hd-Lg-1,Henry Doorly Zoo,Lar gibbon,Male,0.25,Mixed,Social,Chow,Body Weight,0.96,2004-02-12T12:00:00.000Z,2022-07-29T23:16:07.141Z
Hd-Lg-1,Henry Doorly Zoo,Lar gibbon,Male,0.25,Mixed,Social,Chow,Body Weight,0.96,2004-02-01T12:00:00.000Z,2022-07-29T23:16:07.253Z
Hd-Lg-1,Henry Doorly Zoo,Lar gibbon,Male,0.25,Mixed,Social,Chow,Body Weight,0.92,2004-01-22T12:00:00.000Z,2022-07-29T23:16:07.365Z
Hd-Lg-12,Henry Doorly Zoo,Lar gibbon,Male,0.25,Mixed,Social,Chow,Body Weight,0.9001,1994-08-04T12:00:00.000Z,2022-07-29T23:16:16.314Z
Hd-Lg-1,Henry Doorly Zoo,Lar gibbon,Male,0.25,Mixed,Social,Chow,Body Weight,0.8848,2004-01-16T12:00:00.000Z,2022-07-29T23:16:07.424Z
Hd-Lg-1,Henry Doorly Zoo,Lar gibbon,Male,0.25,Mixed,Social,Chow,Body Weight,0.88,2004-01-11T12:00:00.000Z,2022-07-29T23:16:07.481Z
Hd-Lg-1,Henry Doorly Zoo,Lar gibbon,Male,0.25,Mixed,Social,Chow,Body Weight,0.88,2004-01-06T12:00:00.000Z,2022-07-29T23:16:07.539Z
Hd-Lg-1,Henry Doorly Zoo,Lar gibbon,Male,0,Mixed,Social,Chow,Body Weight,0.86,2003-12-26T12:00:00.000Z,2022-07-29T23:16:07.707Z
Hd-Lg-1,Henry Doorly Zoo,Lar gibbon,Male,0,Mixed,Social,Chow,Body Weight,0.86,2004-01-01T12:00:00.000Z,2022-07-29T23:16:07.606Z
Hd-Lg-12,Henry Doorly Zoo,Lar gibbon,Male,0.25,Mixed,Social,Chow,Body Weight,0.8505,1994-07-25T12:00:00.000Z,2022-07-29T23:16:16.371Z
Hd-Lg-12,Henry Doorly Zoo,Lar gibbon,Male,0.25,Mixed,Social,Chow,Body Weight,0.808,1994-07-15T12:00:00.000Z,2022-07-29T23:16:16.422Z
Hd-Lg-1,Henry Doorly Zoo,Lar gibbon,Male,0,Mixed,Social,Chow,Body Weight,0.78,2003-12-20T12:00:00.000Z,2022-07-29T23:16:07.795Z
Hd-Lg-12,Henry Doorly Zoo,Lar gibbon,Male,0.25,Mixed,Social,Chow,Body Weight,0.7513,1994-07-05T12:00:00.000Z,2022-07-29T23:16:16.473Z
Hd-Lg-1,Henry Doorly Zoo,Lar gibbon,Male,0,Mixed,Social,Chow,Body Weight,0.745,2003-12-15T12:00:00.000Z,2022-07-29T23:16:07.910Z
Hd-Lg-12,Henry Doorly Zoo,Lar gibbon,Male,0.25,Mixed,Social,Chow,Body Weight,0.7394,1994-06-30T12:00:00.000Z,2022-07-29T23:16:16.527Z
Hd-Lg-12,Henry Doorly Zoo,Lar gibbon,Male,0.25,Mixed,Social,Chow,Body Weight,0.7087,1994-06-28T12:00:00.000Z,2022-07-29T23:16:16.602Z
Hd-Lg-1,Henry Doorly Zoo,Lar gibbon,Male,0,Mixed,Social,Chow,Body Weight,0.708,2003-12-09T12:00:00.000Z,2022-07-29T23:16:07.990Z
Hd-Lg-1,Henry Doorly Zoo,Lar gibbon,Male,0,Mixed,Social,Chow,Body Weight,0.695,2003-12-04T12:00:00.000Z,2022-07-29T23:16:08.065Z
Hd-Lg-12,Henry Doorly Zoo,Lar gibbon,Male,0.25,Mixed,Social,Chow,Body Weight,0.6875,1994-06-24T12:00:00.000Z,2022-07-29T23:16:16.658Z
Hd-Lg-12,Henry Doorly Zoo,Lar gibbon,Male,0.25,Mixed,Social,Chow,Body Weight,0.6591,1994-06-20T12:00:00.000Z,2022-07-29T23:16:16.711Z
Hd-Lg-1,Henry Doorly Zoo,Lar gibbon,Male,0,Mixed,Social,Chow,Body Weight,0.64,2003-11-28T12:00:00.000Z,2022-07-29T23:16:08.125Z
Hd-Lg-12,Henry Doorly Zoo,Lar gibbon,Male,0.25,Mixed,Social,Chow,Body Weight,0.6308,1994-06-17T12:00:00.000Z,2022-07-29T23:16:16.760Z
Hd-Lg-12,Henry Doorly Zoo,Lar gibbon,Male,0.25,Mixed,Social,Chow,Body Weight,0.6024,1994-06-14T12:00:00.000Z,2022-07-29T23:16:16.896Z
Hd-Lg-12,Henry Doorly Zoo,Lar gibbon,Male,0.25,Mixed,Social,Chow,Body Weight,0.5953,1994-06-16T12:00:00.000Z,2022-07-29T23:16:16.814Z
Hd-Lg-1,Henry Doorly Zoo,Lar gibbon,Male,0,Mixed,Social,Chow,Body Weight,0.585,2003-11-21T12:00:00.000Z,2022-07-29T23:16:08.185Z
Hd-Lg-1,Henry Doorly Zoo,Lar gibbon,Male,0,Mixed,Social,Chow,Body Weight,0.557,2003-11-10T12:00:00.000Z,2022-07-29T23:16:08.416Z
Hd-Lg-1,Henry Doorly Zoo,Lar gibbon,Male,0,Mixed,Social,Chow,Body Weight,0.548,2003-11-18T12:00:00.000Z,2022-07-29T23:16:08.242Z
Hd-Lg-1,Henry Doorly Zoo,Lar gibbon,Male,0,Mixed,Social,Chow,Body Weight,0.513,2003-11-15T12:00:00.000Z,2022-07-29T23:16:08.299Z
Hd-Lg-1,Henry Doorly Zoo,Lar gibbon,Male,0,Mixed,Social,Chow,Body Weight,0.48,2003-11-12T12:00:00.000Z,2022-07-29T23:16:08.356Z
Hd-Lg-1,Henry Doorly Zoo,Lar gibbon,Male,0,Mixed,Social,Chow,Body Weight,0.44,2003-11-09T12:00:00.000Z,2022-07-29T23:16:08.475Z
